sku,status,seconds,cost_usd,conf,producer,vintage,serper,brave,bing,gemini
S004481,success,102.0,0.02,72,100,75,3,3,3,8
S004482,reused,0.0,0.0,,,,0,0,0,0
S004483,success,84.0,0.0205,66,100,100,3,3,3,10
S004484,success,72.0,0.0185,72,100,100,3,3,2,2
S004485,failed,25.0,0.0182,0,0,0,3,3,2,1
S004486,success,38.0,0.0185,33,13,75,3,3,3,2
S004487,success,88.0,0.0195,56,100,0,3,3,3,6
S004488,failed,24.0,0.018,0,0,0,3,3,2,0
S004489,failed,26.0,0.018,0,0,0,3,3,3,0
S004490,success,40.0,0.0185,95,100,100,3,3,3,2
S004491,success,50.0,0.019,97,100,100,3,3,3,4
S004492,success,85.0,0.0198,97,100,100,3,3,3,7
S004493,success,99.0,0.0195,62,100,50,3,3,2,6
S004494,success,38.0,0.0185,32,19,40,3,3,3,2
S004495,reused,0.0,0.0,,,,0,0,0,0
S004496,success,101.0,0.0195,47,0,0,3,3,3,6
S004497,success,112.0,0.0195,52,14,0,3,3,3,6
S004498,reused,0.0,0.0,,,,0,0,0,0
S004499,failed,43.0,0.018,0,0,0,3,3,3,0
S004500,success,104.0,0.0205,65,100,0,3,3,3,10
S004501,success,207.0,0.022,86,85,0,3,3,3,16
S004502,success,114.0,0.0205,77,100,0,3,3,3,10
S004503,success,115.0,0.0215,77,100,0,3,3,3,14
S004504,success,68.0,0.02,80,94,0,3,3,3,8
S004505,success,84.0,0.02,95,94,100,3,3,2,8
S004506,success,140.0,0.0205,82,100,0,3,3,2,10
S004507,success,64.0,0.019,72,100,75,3,3,3,4
S004508,success,50.0,0.019,93,100,75,3,3,3,4
S004509,success,163.0,0.021,92,100,100,3,3,3,12
S004510,success,95.0,0.0205,89,100,50,3,3,3,10
S004511,success,129.0,0.0205,89,100,50,3,3,3,10
S004512,reused,0.0,0.0,,,,0,0,0,0
S004513,success,61.0,0.0195,89,100,50,3,3,3,6
S004514,reused,0.0,0.0,,,,0,0,0,0
S004515,success,66.0,0.0195,82,100,0,3,3,3,6
S004516,reused,0.0,0.0,,,,0,0,0,0
S004517,success,101.0,0.021,89,100,50,3,3,3,12
S004518,success,73.0,0.0195,82,100,0,3,3,3,6
S004519,success,102.0,0.0207,90,100,100,3,3,2,11
S004520,success,115.0,0.0205,80,100,0,3,3,3,10
S004521,success,59.0,0.0185,64,100,50,3,3,3,2
S004522,success,115.0,0.0205,78,100,0,3,3,3,10
S004523,failed,29.0,0.018,0,0,0,3,3,3,0
S004524,failed,37.0,0.018,0,0,0,3,3,3,0
S004525,success,81.0,0.019,77,100,0,3,3,3,4
S004526,success,79.0,0.02,85,100,50,3,3,2,8
S004527,reused,0.0,0.0,,,,0,0,0,0
S004528,success,48.0,0.0185,76,100,0,3,3,2,2
S004529,success,160.0,0.02,57,100,0,3,3,3,8
S004530,reused,0.0,0.0,,,,0,0,0,0
S004531,success,100.0,0.0195,63,100,0,3,3,3,6
S004532,success,121.0,0.0205,60,37,0,3,3,3,10
S004533,success,210.0,0.0222,88,100,75,3,3,3,17
S004534,success,185.0,0.022,73,100,75,3,3,3,16
S004535,success,132.0,0.022,65,100,75,3,3,3,16
S004536,success,50.0,0.0185,82,100,0,3,3,3,2
S004537,timeout,120,0.024,0,0,0,3,3,3,24
S004538,success,241.0,0.0225,92,100,100,3,3,3,18
S004539,success,105.0,0.02,91,83,100,3,3,3,8
S004540,success,43.0,0.0185,48,75,50,3,3,3,2
S004541,success,48.0,0.0185,82,100,0,3,3,3,2
S004542,success,52.0,0.0187,82,100,0,3,3,3,3
S004543,success,44.0,0.0185,55,23,0,3,3,3,2
S004544,success,40.0,0.0185,23,23,0,3,3,3,2
S004545,success,63.0,0.019,55,23,0,3,3,3,4
S004546,failed,28.0,0.018,0,0,0,3,3,3,0
S004547,success,96.0,0.02,77,100,100,3,3,3,8
S004548,reused,0.0,0.0,,,,0,0,0,0
S004549,reused,0.0,0.0,,,,0,0,0,0
S004550,success,91.0,0.019,74,100,0,3,3,3,4
S004551,success,77.0,0.0195,96,100,0,3,3,2,6
S004552,success,74.0,0.02,92,100,0,3,3,2,8
S004553,success,57.0,0.019,96,100,0,3,3,2,4
S004554,success,54.0,0.019,73,100,0,3,3,3,4
S004555,success,86.0,0.0195,72,100,0,3,3,3,6
S004556,success,61.0,0.019,77,100,0,3,3,2,4
S004557,success,39.0,0.0185,82,100,0,3,3,3,2
S004558,success,63.0,0.0185,89,100,50,3,3,3,2
S004559,reused,0.0,0.0,,,,0,0,0,0
S004560,success,44.0,0.0185,10,0,0,3,3,3,2
S004561,success,59.0,0.0195,93,100,75,3,3,3,6
S004562,failed,27.0,0.018,0,0,0,3,3,3,0
S004563,success,97.0,0.02,74,100,0,3,3,3,8
S004564,success,139.0,0.0212,72,100,0,3,3,3,13
S004565,success,97.0,0.0202,67,100,0,3,3,3,9
S004566,success,92.0,0.0185,29,7,0,3,3,3,2
S004567,success,69.0,0.0195,39,40,0,3,3,2,6
S004568,success,158.0,0.021,89,100,50,3,3,3,12
S004569,success,73.0,0.0192,89,100,50,3,3,3,5
S004570,success,164.0,0.0195,74,100,0,3,3,2,6
S004571,success,44.0,0.0185,71,100,0,3,3,3,2
S004572,success,54.0,0.019,74,100,0,3,3,3,4
S004573,success,62.0,0.019,72,100,0,3,3,3,4
S004574,success,224.0,0.0195,74,100,0,3,3,3,6
S004575,success,73.0,0.019,74,100,0,3,3,3,4
S004576,success,163.0,0.0195,74,100,0,3,3,2,6
S004577,reused,0.0,0.0,,,,0,0,0,0
S004578,success,277.0,0.0198,80,100,0,3,3,3,7
S004579,success,73.0,0.0187,62,94,75,3,3,3,3
S004580,reused,0.0,0.0,,,,0,0,0,0
S004581,success,82.0,0.0205,82,100,0,3,3,2,10
S004582,success,64.0,0.0195,82,100,0,3,3,2,6
S004583,success,64.0,0.02,82,100,0,3,3,3,8
S004584,reused,0.0,0.0,,,,0,0,0,0
S004585,failed,39.0,0.0182,0,0,0,3,3,3,1
S004586,success,36.0,0.0185,97,100,100,3,3,3,2
S004587,success,63.0,0.019,82,100,0,3,3,3,4
S004588,reused,0.0,0.0,,,,0,0,0,0
S004589,reused,0.0,0.0,,,,0,0,0,0
S004590,success,47.0,0.019,77,85,0,3,3,3,4
S004591,success,33.0,0.0185,72,85,0,3,3,3,2
S004592,success,48.0,0.019,89,100,50,3,3,3,4
S004593,reused,0.0,0.0,,,,0,0,0,0
S004594,success,54.0,0.0195,90,100,100,3,3,3,6
S004595,success,59.0,0.0185,82,100,0,3,3,3,2
S004596,success,111.0,0.0202,93,100,75,3,3,3,9
S004597,success,80.0,0.019,63,100,0,3,3,3,4
S004598,success,57.0,0.019,74,100,0,3,3,2,4
S004599,success,88.0,0.02,82,100,0,3,3,3,8
S004600,success,57.0,0.019,97,100,100,3,3,2,4
S004601,success,105.0,0.019,97,100,100,3,3,3,4
S004602,reused,0.0,0.0,,,,0,0,0,0
S004603,success,120.0,0.02,93,100,75,3,3,3,8
S004604,success,96.0,0.0195,69,100,50,3,3,3,6
S004605,success,54.0,0.019,61,100,0,3,3,3,4
S004606,reused,0.0,0.0,,,,0,0,0,0
S004607,reused,0.0,0.0,,,,0,0,0,0
S004608,success,116.0,0.02,93,100,75,3,3,3,8
S004609,success,117.0,0.0192,97,100,100,3,3,3,5
S004610,reused,0.0,0.0,,,,0,0,0,0
S004611,success,129.0,0.0195,97,100,100,3,3,3,6
S004612,success,47.0,0.0185,92,100,100,3,3,3,2
S004613,failed,31.0,0.018,0,0,0,3,3,3,0
S004614,reused,0.0,0.0,,,,0,0,0,0
S004615,success,50.0,0.019,85,100,50,3,3,3,4
S004616,success,37.0,0.0185,89,100,50,3,3,3,2
S004617,reused,0.0,0.0,,,,0,0,0,0
S004618,failed,26.0,0.018,0,0,0,3,3,3,0
S004619,failed,24.0,0.018,0,0,0,3,3,3,0
S004620,timeout,120,0.0182,0,0,0,3,3,3,1
S004621,success,56.0,0.0185,97,100,100,3,3,3,2
S004622,success,70.0,0.0187,47,29,0,3,3,3,3
S004623,success,161.0,0.0192,9,0,0,3,3,3,5
S004624,reused,0.0,0.0,,,,0,0,0,0
S004625,failed,96.0,0.0198,0,0,0,3,3,3,7
S004626,success,135.0,0.0207,60,27,50,3,3,3,11
S004627,success,87.0,0.02,9,0,0,3,3,3,8
S004628,reused,0.0,0.0,,,,0,0,0,0
S004629,reused,0.0,0.0,,,,0,0,0,0
S004630,success,90.0,0.0202,10,0,0,3,3,2,9
S004631,success,73.0,0.0198,41,20,0,3,3,2,7
S004632,success,60.0,0.0192,9,0,0,3,3,2,5
S004633,success,168.0,0.0222,27,5,0,3,3,3,17
S004634,success,67.0,0.0195,9,0,0,3,3,3,6
S004635,success,55.0,0.0195,9,0,0,3,3,3,6
S004636,success,74.0,0.0205,9,0,0,3,3,3,10
S004637,success,101.0,0.0202,9,0,0,3,3,2,9
S004638,success,77.0,0.019,73,100,0,3,3,3,4
S004639,success,101.0,0.02,73,100,0,3,3,2,8
S004640,failed,35.0,0.018,0,0,0,3,3,3,0
S004641,success,61.0,0.0195,73,100,0,3,3,3,6
S004642,success,62.0,0.019,63,100,0,3,3,3,4
S004643,success,70.0,0.019,74,100,0,3,3,3,4
S004644,success,83.0,0.02,77,100,0,3,3,2,8
S004645,reused,0.0,0.0,,,,0,0,0,0
S004646,success,76.0,0.019,73,100,0,3,3,2,4
S004647,failed,21.0,0.018,0,0,0,3,3,2,0
S004648,success,85.0,0.0195,67,100,0,3,3,3,6
S004649,success,58.0,0.019,73,100,0,3,3,2,4
S004650,success,90.0,0.0185,96,100,0,3,3,3,2
S004651,success,64.0,0.0185,63,100,0,3,3,2,2
S004652,reused,0.0,0.0,,,,0,0,0,0
S004653,failed,32.0,0.018,0,0,0,3,3,3,0
S004654,success,42.0,0.0185,61,100,0,3,3,3,2
S004655,success,51.0,0.0185,49,8,0,3,3,3,2
S004656,success,72.0,0.02,73,100,0,3,3,3,8
S004657,success,44.0,0.0185,33,0,50,3,3,2,2
S004658,success,85.0,0.0205,53,0,100,3,3,3,10
S004659,success,66.0,0.0185,68,42,100,3,3,2,2
S004660,success,214.0,0.021,27,21,0,3,3,3,12
S004661,success,41.0,0.0185,83,100,50,3,3,3,2
S004662,reused,0.0,0.0,,,,0,0,0,0
S004663,reused,0.0,0.0,,,,0,0,0,0
S004664,reused,0.0,0.0,,,,0,0,0,0
S004665,success,89.0,0.02,63,100,75,3,3,3,8
S004666,success,90.0,0.0195,82,100,0,3,3,2,6
S004667,success,71.0,0.0195,60,100,0,3,3,2,6
S004668,success,175.0,0.0205,62,100,0,3,3,2,10
S004669,success,82.0,0.0192,62,100,75,3,3,3,5
S004670,failed,36.0,0.018,0,0,0,3,3,2,0
S004671,success,76.0,0.019,58,100,0,3,3,3,4
S004672,reused,0.0,0.0,,,,0,0,0,0
S004673,success,154.0,0.0205,96,100,0,3,3,2,10
S004674,success,132.0,0.02,97,100,100,3,3,3,8
S004675,success,108.0,0.019,77,100,100,3,3,3,4
S004676,success,112.0,0.0195,68,100,0,3,3,3,6
S004677,success,67.0,0.0185,68,100,0,3,3,3,2
S004678,reused,0.0,0.0,,,,0,0,0,0
S004679,success,120.0,0.0195,79,59,75,3,3,3,6
S004680,failed,38.0,0.0182,0,0,0,3,3,3,1
S004681,success,69.0,0.0195,37,15,0,3,3,3,6
S004682,success,89.0,0.02,97,100,100,3,3,2,8
S004683,success,44.0,0.0185,10,0,0,3,3,2,2
S004684,success,68.0,0.0198,67,100,0,3,3,3,7
S004685,success,96.0,0.02,26,14,0,3,3,3,8
S004686,success,83.0,0.019,97,100,100,3,3,3,4
S004687,success,91.0,0.0198,10,0,0,3,3,2,7
S004688,reused,0.0,0.0,,,,0,0,0,0
S004689,success,74.0,0.019,72,100,100,3,3,2,4
S004690,success,211.0,0.02,82,100,0,3,3,2,8
S004691,success,101.0,0.02,62,100,0,3,3,3,8
S004692,success,141.0,0.0198,59,13,100,3,3,3,7
S004693,success,80.0,0.0195,96,100,0,3,3,3,6
S004694,success,114.0,0.0195,76,100,0,3,3,2,6
S004695,success,176.0,0.0215,47,0,0,3,3,3,14
S004696,success,77.0,0.0195,59,100,0,3,3,3,6
S004697,success,155.0,0.0205,82,100,0,3,3,2,10
S004698,reused,0.0,0.0,,,,0,0,0,0
S004699,success,56.0,0.0187,89,100,75,3,3,3,3
S004700,success,53.0,0.0195,10,0,0,3,3,3,6
S004701,failed,23.0,0.018,0,0,0,3,3,3,0
S004702,success,153.0,0.0198,10,0,0,3,3,3,7
S004703,success,100.0,0.0195,83,100,50,3,3,3,6
S004704,reused,0.0,0.0,,,,0,0,0,0
S004705,timeout,120,0.0185,0,0,0,3,3,3,2
S004706,success,82.0,0.0185,56,100,0,3,3,3,2
S004707,failed,53.0,0.0185,0,0,0,3,3,2,2
S004708,success,98.0,0.019,84,100,50,3,3,3,4
S004709,success,73.0,0.019,87,100,75,3,3,3,4
S004710,success,83.0,0.0195,57,100,0,3,3,2,6
S004711,success,54.0,0.0185,81,100,0,3,3,2,2
S004712,success,142.0,0.0215,89,100,50,3,3,3,14
S004713,reused,0.0,0.0,,,,0,0,0,0
S004714,success,103.0,0.0195,97,100,100,3,3,3,6
S004715,reused,0.0,0.0,,,,0,0,0,0
S004716,success,77.0,0.0195,57,100,0,3,3,3,6
S004717,reused,0.0,0.0,,,,0,0,0,0
S004718,success,289.0,0.0205,61,100,0,3,3,2,10
S004719,timeout,120,0.019,0,0,0,3,3,3,4
S004720,success,71.0,0.019,89,100,50,3,3,3,4
S004721,reused,257.0,0.136,,,,27,21,29,16
S004722,reused,0.0,0.0,,,,0,0,0,0
S004724,reused,0.0,0.0,,,,0,0,0,0
S004763,reused,16119.0,0.5108,,,,114,76,94,67
